<beans xmlns="http://www.springframework.org/schema/beans"
       xmlns:xsi="http://www.w3.org/2001/XMLSchema-instance"

       xsi:schemaLocation="http://www.springframework.org/schema/beans http://www.springframework.org/schema/beans/spring-beans.xsd
">

	<bean id="employeeDAO" class="com.ns.dao.impl.EmployeeDAOImpl">
		<property name="dataSource" ref="dataSource" />
	</bean>
	
	<bean id="jdbcEmployeeDAO" class="com.ns.dao.impl.JDBCEmployeeDAOImpl">
		<property name="dataSource" ref="dataSource" />
	</bean>
	
	<bean id="dataSource"
		class="org.springframework.jdbc.datasource.DriverManagerDataSource">
		<property name="url" value="jdbc:mysql://localhost:3306/testdb" />
		<property name="username" value="root" />
		<property name="password" value="root@123" />
	</bean>
</beans>
