<?xml version="1.0" encoding="UTF-8"?>
<beans xmlns="http://www.springframework.org/schema/beans"
       xmlns:xsi="http://www.w3.org/2001/XMLSchema-instance"

       xsi:schemaLocation="http://www.springframework.org/schema/beans http://www.springframework.org/schema/beans/spring-beans.xsd
">
    <bean id="myGreetingBean" class="com.ns.springtestapp.Greeting"></bean>   
    <bean id="employee" class="com.ns.springtestapp.Employee" scope="prototype"></bean>
    <bean id="finance" class="com.ns.springtestapp.Department">
        <constructor-arg index="0" type="java.lang.String" value="D001"></constructor-arg>
        <constructor-arg index="1" type="java.lang.String" value="Finance"></constructor-arg>
    </bean>
     <bean id="production" class="com.ns.springtestapp.Department">
        <constructor-arg index="0" type="java.lang.String" value="D002"></constructor-arg>
        <constructor-arg index="1" type="java.lang.String" value="Production"></constructor-arg>
    </bean>   
    
    <bean id="mano" class="com.ns.springtestapp.Employee">
        <property name="id" value="E003"></property>
        <property name="name" value="Morris Mano"></property>
        <property name="salary" value="77777.00"></property>
        <property name="department" ref="finance"></property>
    </bean>
    
</beans>
